id,lat,lng,name,area
001_05,6.257592641464586,-75.61103889727721,,377
002_05,5.803728971611896,-75.43847448767818,,510
004_05,6.627547179784441,-76.08597760448505,,299
021_05,6.365534124531456,-75.09059702207428,,130
030_05,6.03292173612482,-75.70800317947769,,85
031_05,6.97769019480999,-74.98127298210112,,1219
034_05,5.623951264764598,-75.92459670721371,,404
036_05,6.121430302416073,-75.71594966263253,,82
038_05,6.861500288525776,-75.35827277885366,,341
040_05,7.193110409714413,-75.10848961944873,,1426
042_05,6.535684645833721,-75.90410742996069,,530
044_05,6.308040259081841,-75.912590871055,,257
045_05,7.89613789228522,-76.56695126924149,,540
051_05,8.611388683613644,-76.41478327261788,,762
055_05,5.708114524298182,-75.09469795424248,,247
059_05,6.1636837576186965,-75.80995528134915,,111
079_05,6.443422910706954,-75.32922996170242,,207
086_05,6.653662775171179,-75.65385119887763,,298
088_05,6.35888517793328,-75.58977333222107,,149
091_05,5.727080814149553,-75.98689129603011,,181
093_05,6.185783611740526,-75.9564924625905,,264
101_05,5.840844862187251,-76.00937339565067,,265
107_05,7.111788461275065,-75.56223473759351,,379
113_05,6.809030958937557,-75.91206328587988,,358
120_05,7.665303477917075,-75.22368535199455,,1892
125_05,6.423463638750912,-75.99351498046983,,201
129_05,6.05444684092057,-75.62642674313436,,134
134_05,7.035429472327752,-75.29224951781944,,234
138_05,6.814950022518442,-76.02689632024202,,367
142_05,6.33797387997167,-74.73354817280826,,265
145_05,5.555275295489637,-75.63082096373046,,93
147_05,7.789166123693096,-76.65668193943627,,390
148_05,5.978083681719095,-75.26353670499019,,426
150_05,6.754821441842319,-75.3059065393028,,151
154_05,7.867885421885927,-75.03490543227947,,1442
172_05,7.6316656436916706,-76.63964212663159,,727
190_05,6.550081148327249,-75.08253096483328,,47
197_05,6.005593455998757,-75.16015118656419,,243
206_05,6.376106186635344,-75.21785901368773,,203
209_05,6.057468678170261,-75.9001467835068,,249
212_05,6.351831970211945,-75.50077532747282,,68
234_05,6.992243781882163,-76.31426328411237,,1970
237_05,6.505410502312285,-75.36682887939003,,205
240_05,6.326455152874364,-75.7833109904573,,239
250_05,7.704633350865812,-74.66427726340392,,1575
264_05,6.594656003370073,-75.5591308331346,,216
266_05,6.153575539747901,-75.54489799548895,,84
282_05,5.887884056937293,-75.67932679786796,,259
284_05,6.691366679891526,-76.33198553930805,,1393
306_05,6.6630847148485115,-75.9480768854576,,94
308_05,6.379753559436678,-75.44794163441448,,83
310_05,6.709562838969754,-75.19270291201234,,335
313_05,6.123380720799068,-75.12763646279625,,191
315_05,6.861575642392779,-75.22591386560606,,119
318_05,6.2666189093538245,-75.4373168802848,,153
321_05,6.245775609334043,-75.1585189235877,,84
347_05,6.214525617801694,-75.74972209609233,,116
353_05,5.79506311390618,-75.90651016009791,,54
360_05,6.179279438047212,-75.61420369859377,,20
361_05,7.302946258917234,-75.85035105649516,,2864
364_05,5.574455406903942,-75.81843366805498,,202
368_05,5.769820535792505,-75.76488255592803,,206
376_05,5.992526917910064,-75.43086781226468,,133
380_05,6.13759721956629,-75.64895149324045,,37
390_05,5.746658098448124,-75.6023959587087,,55
400_05,5.940434878674353,-75.35428945965728,,169
411_05,6.723990934468624,-75.78300045762279,,218
425_05,6.534573585127775,-74.71410854121991,,390
440_05,6.18521037071868,-75.30486674531005,,116
467_05,5.916858834864803,-75.51972796580151,,76
475_05,6.8287738552249095,-76.70861349100659,,1274
480_05,7.329557847886908,-76.4630656953882,,1083
483_05,5.581275312143033,-75.19457018541102,,318
490_05,8.49372835417412,-76.67699340130663,,1268
495_05,7.990467678570554,-74.79242149190561,,947
501_05,6.611418083045093,-75.7756709691536,,88
541_05,6.232396367524003,-75.22350905526794,,119
543_05,7.04418005793238,-75.88968843419943,,437
576_05,5.8097018599787935,-75.86076666626077,,76
579_05,6.481922266966121,-74.52874210058087,,1229
585_05,6.126539139152825,-74.70317721728595,,674
591_05,5.954830150466487,-74.6861917977579,,372
604_05,6.998134717476439,-74.55689106252366,,1989
607_05,6.051470169250622,-75.51572683800997,,240
615_05,6.150798722366747,-75.41075443249923,,197
628_05,6.901000505986099,-75.79222753446493,,268
631_05,6.138302381341678,-75.6087975085842,,16
642_05,5.970502333447357,-75.98137251142381,,290
647_05,6.914562873234273,-75.66517664686664,,208
649_05,6.193789659121203,-74.90732768977611,,722
652_05,5.879509552413719,-74.97601633581597,,358
656_05,6.438300408739267,-75.70310727243687,,162
658_05,6.823258912350898,-75.677708262469,,127
659_05,8.707147598402889,-76.53249333696795,,255
660_05,6.014516819426746,-74.96200549699036,,428
664_05,6.458668845261333,-75.56248101256637,,222
665_05,8.379156949628628,-76.31664233415438,,609
667_05,6.310744529784611,-74.99858651613968,,366
670_05,6.448675157746526,-74.93185881472976,,428
674_05,6.310387521673197,-75.32740162791956,,232
679_05,5.878984955871564,-75.58330371060211,,197
686_05,6.6758425706047415,-75.43815003892803,,871
690_05,6.481053869811952,-75.14259204546782,,268
697_05,6.124210930625179,-75.25212605944398,,84
736_05,7.266882634120629,-74.621653143851,,1137
756_05,5.762498496072479,-75.05936631239621,,1354
761_05,6.520161149415908,-75.74559267698265,,220
789_05,5.673758570625989,-75.70979974307303,,253
790_05,7.488875996572778,-75.40189437765825,,1159
792_05,5.871064556745634,-75.82871144321723,,121
809_05,6.0583499707986626,-75.79966004694643,,141
819_05,7.013692234687468,-75.71033029449922,,135
837_05,7.9981888282001785,-76.7239206508709,,2948
842_05,6.913916924035624,-76.13318513560554,,268
847_05,6.3353413395968845,-76.25906481888103,,2577
854_05,7.265404212934124,-75.40094501539834,,572
856_05,5.651954067822837,-75.63083394446899,,127
858_05,6.838250998773437,-74.75459223922414,,545
861_05,5.956576355261566,-75.7772242262157,,140
873_05,6.453351334171646,-76.69504801705621,,1670
885_05,6.7168706775931675,-74.75565002425542,,444
887_05,6.986575028776318,-75.45892617401478,,718
890_05,6.645325320639886,-74.92275438815585,,1020
893_05,6.925159317773387,-74.1582404143789,,1910
895_05,7.474004005261952,-74.85848325821202,,1178
001_08,10.981512534069017,-74.82774391412364,,157
078_08,10.793293018621949,-74.92219490601677,,124
137_08,10.402620855715956,-74.87840832083481,,102
141_08,10.489020471071996,-74.87756626840375,,138
296_08,10.897719906973222,-74.88708787633728,,99
372_08,10.82305932860652,-75.07841797504203,,171
421_08,10.635031161129547,-75.15402741017171,,228
433_08,10.84828899986562,-74.8061754700133,,100
436_08,10.454145308090835,-74.98477431168263,,218
520_08,10.694811581184075,-74.77015103084334,,94
549_08,10.740779525581793,-75.1436457977641,,257
558_08,10.767401413766295,-74.85414843596658,,75
560_08,10.594651050697268,-74.79847290791123,,210
573_08,11.004697111858027,-74.90647992377848,,71
606_08,10.507570512975464,-75.12188052714774,,365
634_08,10.798940150976586,-74.76879660345736,,44
638_08,10.622507835875602,-74.955104814683,,403
675_08,10.35364192003629,-74.96541178667496,,58
685_08,10.744048290417078,-74.79479502464174,,66
758_08,10.906907014682464,-74.77842455478736,,60
770_08,10.310850347141614,-74.90713308430396,,43
832_08,10.907059053367917,-74.9844823675711,,186
849_08,10.74052265656661,-74.98267412622566,,103
001_11,4.316110826278988,-74.1810758587671,,1629
001_13,10.448865870755117,-75.47011778932738,,609
006_13,8.622946703167154,-74.47806271169134,,963
030_13,8.757478530595835,-74.19515687152956,,307
042_13,8.340999179147433,-74.1069757406255,,467
052_13,10.164591107380634,-75.37140227011668,,597
062_13,10.24171804689524,-75.02690421505746,,167
074_13,8.836194966891707,-74.1627164915388,,436
140_13,10.218828492068338,-75.00119474542402,,260
160_13,7.2392313693300645,-74.10014166125748,,889
188_13,9.235268597258415,-74.68840961473578,,135
212_13,9.540047514322639,-74.89445634645453,,606
222_13,10.556636952873127,-75.31446653224214,,87
244_13,9.69981987604699,-75.15793572559231,,960
248_13,10.034832722039384,-74.92810816526931,,389
268_13,8.864818785902903,-73.91230147162842,,323
433_13,10.177951429816357,-75.17985966631443,,439
440_13,9.05460160217597,-74.22584705889,,298
442_13,9.976295313148523,-75.34366915096264,,570
458_13,8.017100239698996,-74.46342911215237,,2115
468_13,9.142510843530419,-74.54520256119177,,661
473_13,8.253703421240154,-73.97133550780644,,1363
490_13,8.506134759635685,-74.11588911511424,,421
549_13,8.871589712517512,-74.38587828759435,,785
580_13,8.72201814778945,-73.85117881036119,,186
600_13,8.493022571796928,-73.9970335288652,,855
620_13,10.36972087033448,-75.07333835233369,,43
647_13,10.364681918813018,-75.20523486795267,,215
654_13,9.835362010525763,-75.1060920093091,,450
655_13,8.237510288212833,-74.66839997626603,,576
657_13,9.967958475119861,-75.06572479391386,,641
667_13,8.787684409299544,-74.01033416106526,,456
670_13,7.422367280818031,-74.13566444267363,,2040
673_13,10.64983831864792,-75.2654766716709,,176
683_13,10.469207929964515,-75.3611607663004,,157
688_13,7.772519172580014,-74.26272842584069,,2407
744_13,7.851313176352761,-73.983717536152,,1368
760_13,10.332090313282956,-75.11699225680174,,94
780_13,9.313446557496782,-74.64010215652073,,253
810_13,8.492346658210362,-74.29676533447332,,772
836_13,10.353108383878613,-75.37971233981786,,205
838_13,10.216049698805344,-75.470377715073,,194
873_13,10.44491319794389,-75.26736275433973,,139
894_13,9.7451470206099,-74.88067036727844,,314
300_13,8.983835727234338,-74.14708202362287,,197
650_13,9.0912654713035,-74.35870666413787,,322
430_13,9.169512202813317,-74.74729523573703,,1145
001_15,5.518472614841599,-73.3780185558108,,120
022_15,4.954825080920563,-73.38813424469228,,58
047_15,5.437416372666459,-72.87149471123743,,947
051_15,5.749565293548057,-73.43887966624563,,139
087_15,6.005059264773587,-72.8936988734034,,164
090_15,5.232058449667666,-73.10117397818514,,58
092_15,5.920858932820413,-72.84857876335646,,102
097_15,6.337515625394358,-72.62021238954532,,146
104_15,5.439856215951661,-73.38136993831114,,48
106_15,5.67550997616133,-73.90932681502126,,65
109_15,5.489399418847754,-73.95066254560639,,111
114_15,5.8434837306488525,-72.87574622973096,,25
131_15,5.575990668410476,-73.88057507741922,,79
135_15,5.0068625358575405,-73.14467030214638,,300
162_15,5.962013698193786,-72.96447288391747,,64
172_15,5.202971638516943,-73.34048073576878,,137
176_15,5.6224880244311235,-73.80424531151945,,166
183_15,6.091468484744624,-72.43903173780738,,681
185_15,5.984394625320501,-73.42582375076762,,160
187_15,5.563881085916238,-73.26331583185,,50
189_15,5.393059632984696,-73.28205771619311,,54
204_15,5.68764693669059,-73.3292876164375,,146
212_15,5.442983446960748,-74.02782955924171,,151
215_15,5.824545819373969,-72.84544844795467,,61
377_15,5.5413781317962485,-72.59038460089873,,584
380_15,5.113167101622733,-73.45923707669313,,57
401_15,5.51672422294567,-74.22873179591056,,28
403_15,6.265126190471803,-72.55551084840096,,163
542_15,5.498483324070284,-73.07837993040442,,264
550_15,5.743493792738127,-72.44579042962049,,467
572_15,5.953466653834408,-74.45285810164268,,1523
580_15,5.561541199889494,-74.21793409904038,,168
755_15,5.934920381502132,-72.55912903694785,,607
757_15,5.960498835486462,-72.6823978414443,,151
759_15,5.667955859849082,-72.88630333423308,,209
761_15,4.970974064246763,-73.42878785193882,,59
842_15,5.217241368248335,-73.46338476777625,,147
861_15,5.383385480996442,-73.52097942352154,,161
879_15,5.440558215819646,-73.26627455616435,,63
897_15,5.285635982616129,-73.16763091210929,,253
218_15,6.519521476217344,-72.74020420883758,,103
224_15,5.527104109196012,-73.44598645887568,,42
226_15,5.587754489361321,-72.93953686331174,,44
232_15,5.643075647885668,-73.44562390675611,,117
236_15,4.871181605352299,-73.36142379200247,,109
238_15,5.890602514594664,-73.06709484333584,,235
244_15,6.353363176883457,-72.41923751881374,,240
248_15,6.508240555535481,-72.4804962472707,,70
272_15,5.673676631375312,-73.0198337212371,,110
276_15,5.858992109717349,-72.92499826476049,,89
293_15,5.744105974745591,-73.54265519631112,,89
296_15,5.8033313428771,-72.735502436016,,124
299_15,5.0894666505404,-73.3143027224706,,194
317_15,6.445438546235824,-72.51635332263693,,58
322_15,5.014508309801779,-73.488123515558,,36
325_15,4.931424341081652,-73.4966337235863,,100
362_15,5.61736601591308,-72.96986504442074,,34
367_15,5.3771517520002625,-73.37694967535668,,59
368_15,6.145459486804332,-72.58580854920885,,133
407_15,5.6657624240043765,-73.51494800267737,,127
425_15,4.980176495053899,-73.29413694602985,,201
442_15,5.569810633243634,-74.02003127203825,,162
455_15,5.150953297094634,-73.17896721708823,,260
464_15,5.709712458789337,-72.69158157047235,,362
466_15,5.6973522273817485,-72.83298664191294,,69
469_15,5.8633704847421075,-73.55852537776084,,220
476_15,5.606192448521552,-73.37734266506874,,60
480_15,5.525346221477001,-74.1165767903988,,139
491_15,5.778759851009333,-72.93268323654408,,56
494_15,5.354701484450193,-73.44873424070646,,52
500_15,5.610787844132732,-73.27991905345137,,61
507_15,5.753787786407302,-74.19719422597639,,478
511_15,5.148323876440192,-73.39951219230703,,67
514_15,5.095211034686289,-73.00435862641243,,341
516_15,5.826771537336349,-73.13795246104027,,307
518_15,5.382328948471614,-72.6967267418147,,315
522_15,6.443299757809841,-72.46182431183497,,40
531_15,5.688801558989139,-74.00504121466224,,254
533_15,5.621242742228285,-72.36929059763119,,446
537_15,6.028699364816928,-72.76752623879639,,123
599_15,5.319934091649241,-73.3107789962547,,126
600_15,5.496268620542678,-73.62894437606502,,222
621_15,5.379947878952554,-73.19650994690156,,207
632_15,5.699926051063733,-73.74799465555395,,250
638_15,5.5734648820685315,-73.54310200251163,,64
646_15,5.470539970079519,-73.52117560360796,,168
660_15,5.234614685508954,-73.04914066865892,,110
664_15,5.9941540879727,-73.54386522357609,,75
667_15,4.815272170173685,-73.12378208241316,,472
673_15,6.406888641598547,-72.55962759194693,,125
676_15,5.532326921805089,-73.74715897827878,,95
681_15,5.677345065861177,-74.11403748602277,,197
686_15,6.057614970526198,-73.489748282423,,68
690_15,4.823002555618759,-73.25377506196959,,311
693_15,5.892950300409248,-72.99172780351427,,117
696_15,5.731602715455529,-73.60366286916188,,78
720_15,6.132117929793208,-72.73032415379868,,162
723_15,6.070662374790197,-72.71538190423068,,55
740_15,5.498747700364197,-73.21681777825792,,120
753_15,6.323088044410206,-72.69604089305558,,124
762_15,5.5805731907807585,-73.44371837530113,,48
763_15,5.7853230402948395,-73.25303488994126,,287
764_15,5.494890460695271,-73.31899996518136,,56
774_15,6.215200577339925,-72.71575634101215,,184
776_15,5.6400307589461045,-73.62598772725116,,104
778_15,5.026857162315077,-73.43351065830477,,41
790_15,5.882294313218077,-72.72626817260225,,211
798_15,5.071413138354724,-73.42479698809133,,46
804_15,5.301116648531492,-73.39325209455053,,122
806_15,5.747329388475755,-73.01114724369079,,94
808_15,5.577566496852869,-73.67614572072041,,80
810_15,6.420353489479784,-72.69463583359351,,72
814_15,5.580254286614009,-73.16069690193278,,169
816_15,5.921830061854613,-73.48921805509757,,102
820_15,5.765350303052957,-72.83672957553466,,34
822_15,5.489194906633195,-73.00534460149227,,197
832_15,5.720301515986415,-73.94330926462992,,29
835_15,5.305697418054155,-73.50908713771594,,80
837_15,5.672195418887734,-73.18303251429055,,166
839_15,6.078051903083301,-72.857078318798,,123
180_15,6.689118059560114,-72.41795674783229,,663
223_15,6.886954877476064,-72.18156284933966,,1186
332_15,6.5669917647288765,-72.25599333539778,,958
001_17,5.08343184858724,-75.50728185014735,,443
013_17,5.59677537495225,-75.45035819623808,,478
486_17,5.183355595803321,-75.50692421541744,,371
446_17,5.235585244117187,-75.28316647922716,,379
444_17,5.309142491193347,-75.04117892247734,,91
442_17,5.4926315421438945,-75.6020998192594,,37
433_17,5.232953909723659,-75.15263447207826,,199
388_17,5.393185715657472,-75.55791070733065,,89
380_17,5.540526576800206,-74.71229574591521,,552
272_17,5.285741338969444,-75.58978730368105,,193
174_17,4.987116117234095,-75.66712691445065,,110
088_17,4.994659551825728,-75.81227666158365,,114
050_17,5.2655399687783095,-75.47392619446632,,150
042_17,5.200292941881718,-75.75288792690725,,210
495_17,5.638062349228291,-74.85492707202225,,229
877_17,5.047810095163734,-75.87930684653567,,113
873_17,4.940211591179237,-75.43544013659346,,457
867_17,5.4475428587049475,-74.83622501659634,,562
777_17,5.452948442560498,-75.64035222639845,,122
665_17,5.070687075613263,-75.81353971719088,,61
662_17,5.540285799928224,-74.99368485826172,,762
653_17,5.370332424764374,-75.40962176634679,,390
616_17,5.1121781262139505,-75.7588462271641,,90
541_17,5.407187835652782,-75.16683996202431,,501
524_17,5.050349301960498,-75.6617731560237,,113
513_17,5.500035034527394,-75.48245056493833,,258
614_17,5.4422771367256955,-75.75220844702602,,386
001_18,1.7491387037703143,-75.55823906432572,,2550
029_18,1.227551190321646,-75.88212122314019,,413
094_18,1.500922864826076,-75.87564538770181,,1192
247_18,1.7913859035070208,-75.19394415492263,,1107
256_18,1.6177463559468608,-75.23404333415921,,1236
410_18,1.3028604422750636,-75.23572731876901,,1702
460_18,1.1466925539269768,-75.38664763840332,,1221
479_18,1.3829961096715535,-75.67381123360934,,463
610_18,1.3043629275356392,-76.10918011282371,,1310
860_18,1.0612922065442687,-75.62704766744935,,1331
150_18,0.6476930812098086,-74.27235499081922,,12798
753_18,1.6064617737632463,-74.25342867658053,,20220
756_18,0.21128084554163595,-73.12386789892099,,42332
785_18,0.9092654568964335,-75.63840045466287,,477
205_18,1.058355119295543,-75.95236611476341,,399
592_18,2.0189408912425133,-75.07308626732708,,4152
001_19,2.4717030666214415,-76.59194764378151,,480
022_19,1.9124405206908266,-76.83494519423591,,237
050_19,2.3293372828446595,-77.26314906025274,,775
075_19,2.0847329447301,-77.20881330187602,,413
100_19,1.8539519380489895,-76.9633745378093,,797
110_19,3.045902657869752,-76.67901296436419,,435
130_19,2.64321032904928,-76.70138887099621,,552
137_19,2.810328239721245,-76.46451611549476,,355
142_19,3.045167740242078,-76.36644347495502,,265
212_19,3.136753605448077,-76.20964569251467,,326
290_19,1.6945347403176814,-77.08735723393417,,57
300_19,3.1446729564274185,-76.39174162660282,,101
355_19,2.499058783005664,-76.13762531191391,,867
364_19,2.8498019962781336,-76.31124917779431,,235
392_19,2.187473572039596,-76.78228031996866,,208
397_19,2.0539334258593405,-76.75880620388385,,516
450_19,1.7938251639477847,-77.18060381186699,,697
473_19,2.8147654694263373,-76.75096255126051,,511
513_19,3.1947306178044683,-76.33624180277353,,70
517_19,2.7338877015782,-75.99368263755302,,1795
532_19,2.1481653977969604,-77.05792708039779,,754
533_19,1.1523235003161936,-76.30547251709872,,1104
548_19,2.714457273337862,-76.56471898169818,,181
573_19,3.2667241955862156,-76.41846353167452,,109
585_19,2.28177597401825,-76.37115635873225,,848
622_19,2.250876765071792,-76.75292756947213,,169
693_19,1.8562618150593995,-76.71652423618121,,419
698_19,2.9844673374018194,-76.49873145341759,,518
701_19,1.5200217895419947,-76.53876280614092,,3617
743_19,2.651291893653704,-76.35057356277062,,681
760_19,2.2318172176142848,-76.61145871603155,,516
780_19,2.9368659964714388,-76.74582429598888,,392
785_19,2.0577351840832225,-76.90993964752849,,136
807_19,2.3696018803549075,-76.71051982874671,,201
821_19,2.97577227892723,-76.20331874878148,,493
824_19,2.504500980846685,-76.39047841779504,,405
256_19,2.53448831145048,-77.0051120648882,,2738
318_19,2.4132669601466277,-77.69047530517098,,2562
418_19,3.001538964087137,-77.21841209303177,,3365
809_19,2.6994751267606163,-77.49131576508564,,2055
845_19,3.180627304211499,-76.46445559248154,,82
455_19,3.228235991622291,-76.21670925545602,,190
032_20,9.510727924324021,-73.94214641077718,,647
060_20,9.946280306620189,-73.8662667139032,,596
175_20,9.218781864225349,-73.75267124252773,,1395
178_20,9.42664835320388,-73.5479789439484,,1130
228_20,9.23877133191865,-73.48810861201085,,928
238_20,10.199953562976754,-73.91282063600119,,972
250_20,9.681728680464554,-73.69343298853099,,826
295_20,8.337726947783692,-73.70649188347775,,331
310_20,8.405516521332595,-73.37537308502365,,74
383_20,8.621332114379136,-73.63309375903573,,813
400_20,9.551340465296612,-73.3206839930857,,767
443_20,10.39095507256837,-72.9916853943764,,139
517_20,8.938916143164333,-73.57247212517082,,539
550_20,8.764116733379097,-73.6329554642869,,429
614_20,8.201070244711381,-73.48750126456629,,555
710_20,7.814390590786732,-73.45371975066072,,556
750_20,10.169527120426967,-73.28798270258336,,657
787_20,8.902075011926927,-73.76339619717814,,520
001_20,10.382325256492688,-73.46314538960681,,4260
013_20,9.94921590754524,-73.22358244080002,,1780
045_20,9.727732938705813,-73.25250522237712,,1244
621_20,10.164246525920053,-73.19075496089319,,1091
570_20,10.4669619269565,-73.58855136412275,,757
770_20,7.9377884539348065,-73.54436312152102,,1004
011_20,8.24873516735708,-73.62274060353599,,887
001_23,8.584704877920505,-75.95054683269395,,3171
068_23,8.265768687844744,-75.04868435693959,,1986
079_23,8.191397952698157,-75.43382531903184,,844
090_23,8.724095474899093,-76.23779103114225,,425
162_23,8.891041424955784,-75.83462327004442,,294
168_23,9.110259467434267,-75.65238100668066,,328
182_23,9.027493955801113,-75.35667582145845,,634
189_23,8.841816872880617,-75.60779900042411,,649
300_23,9.056989017454892,-75.7789652754356,,89
350_23,8.052218421252755,-75.28816022006635,,290
417_23,9.165042344924977,-75.9097852929962,,963
419_23,8.839037042563557,-76.29492648392839,,370
464_23,9.265461620931205,-75.65090876203772,,161
500_23,9.190525910410003,-76.11926206081185,,206
555_23,8.290296745974917,-75.61237814345417,,1153
570_23,8.481339567768085,-75.40516154224474,,859
574_23,8.988667730301877,-76.1940591245247,,416
586_23,9.282386126602315,-75.72129392070784,,119
660_23,8.799009308740684,-75.42925648677023,,976
670_23,9.121286726248433,-75.52092833326175,,209
672_23,9.359670385630107,-75.78699822808082,,210
675_23,9.330003441958324,-75.97623699120629,,320
678_23,8.706467947514,-75.6925210723366,,452
682_23,7.753045614449168,-75.56724793466203,,531
686_23,8.987783526555909,-75.90956267821952,,451
815_23,9.224631016508562,-75.54410647300786,,108
855_23,8.219908772820707,-76.22133849389292,,928
466_23,7.8863229236032355,-75.76068222980054,,1566
580_23,7.711546130755833,-75.77122111773689,,1662
807_23,7.813902238787849,-76.16846575389073,,4981
019_25,4.891121637321433,-74.44278431660703,,51
035_25,4.559948003185948,-74.52571349222806,,124
040_25,4.789313577401718,-74.46194218360596,,121
053_25,4.232787125166301,-74.39576219940139,,143
086_25,4.719684090953236,-74.75631812948775,,178
095_25,4.84782031763191,-74.52862744811048,,61
099_25,4.691668428168725,-74.3289880826203,,103
120_25,3.9186192397756208,-74.44615605974273,,423
123_25,4.723063341294921,-74.45919528263036,,54
126_25,4.930699118220303,-74.0297462689541,,51
148_25,5.3815013992239065,-74.52123594709326,,619
151_25,4.402259456395265,-73.94482435050884,,112
154_25,5.33885655625424,-73.92614817224771,,300
168_25,4.95425174994198,-74.63090138486383,,173
178_25,4.425778925563026,-74.05946979955505,,151
181_25,4.582965196648722,-73.91287722867797,,213
183_25,5.118419270567998,-73.68068583080988,,302
200_25,5.103123295981402,-73.97537669885224,,134
214_25,4.788314777503541,-74.1233843392045,,54
224_25,5.230308104627056,-73.78001884876039,,110
245_25,4.556947584608978,-74.42658389788052,,119
258_25,5.261728243351793,-74.30830563920036,,135
269_25,4.834049807480076,-74.3380335660835,,159
279_25,4.528568462221828,-73.79705266615404,,462
281_25,4.316280071981576,-73.95286783773214,,112
286_25,4.743997121160108,-74.19865989799654,,68
288_25,5.41628890205248,-73.77059828908091,,78
293_25,4.654955129550488,-73.5105538141376,,387
295_25,5.010019530084328,-73.87671758994247,,43
297_25,4.867551134169394,-73.61773287199667,,260
299_25,4.72357346432765,-73.60054441447636,,108
312_25,4.52348488396646,-74.33724619207119,,61
317_25,5.387291541751238,-73.69328234129011,,171
320_25,5.173554763705028,-74.64014650738456,,767
322_25,4.801276831338454,-73.84643485242556,,362
324_25,4.512302848000445,-74.78184975678533,,91
326_25,4.911587629729011,-73.78648580280007,,254
328_25,4.879395719919846,-74.48347679238671,,62
335_25,4.231877452982868,-73.83543967168163,,224
339_25,4.16608956247929,-74.02465270165894,,455
368_25,4.571350253577947,-74.68915853647509,,223
372_25,4.705170789195395,-73.69247873238756,,345
377_25,4.700795340779239,-73.92940669341357,,328
386_25,4.650770809010362,-74.47321873289164,,149
394_25,5.333400646063871,-74.40807862958141,,192
398_25,5.204610698245612,-74.40786403340812,,129
402_25,4.978619842057487,-74.33936061139602,,156
407_25,5.3036371703141265,-73.68153227661021,,156
426_25,5.040349197823571,-73.61738240904111,,230
430_25,4.772709975445193,-74.25973627763295,,120
436_25,4.976881151008672,-73.56313740607324,,108
438_25,4.484437919243081,-73.40598486805504,,1201
483_25,4.407952014436837,-74.80565316971418,,55
486_25,5.093710735142371,-73.88380665002708,,99
488_25,4.294822945281986,-74.61468197032679,,225
489_25,5.133744481755889,-74.39638895768886,,60
491_25,5.066110761268625,-74.3897547578731,,69
506_25,4.063342073345737,-74.45259795512607,,123
513_25,5.168367633928076,-74.16336544251868,,405
518_25,5.387647344861793,-74.16395695601933,,175
524_25,4.180497267438056,-74.47112129732066,,72
530_25,4.452343244692039,-73.1869857779595,,889
535_25,4.293733838123412,-74.27396979114756,,273
572_25,5.619752747709287,-74.58019230338698,,519
580_25,4.691336253286074,-74.6807440358682,,199
592_25,5.099981029625152,-74.49451069739932,,80
594_25,4.334591803500936,-73.85264669971491,,138
596_25,4.715072642323584,-74.55411258757042,,128
599_25,4.520371909337603,-74.57843377119242,,122
612_25,4.307363540634173,-74.7294333555795,,129
645_25,4.599741356657453,-74.34490341582925,,89
649_25,4.140959425296603,-74.35397780579648,,248
653_25,5.314600423111868,-74.07232077066081,,289
658_25,4.9641007032965065,-74.27217128579406,,119
718_25,4.946805263204547,-74.4123092121092,,112
736_25,5.0087750118487495,-73.78095565108629,,142
743_25,4.436967140323333,-74.37050903009869,,163
745_25,5.509773127954812,-73.84519164373765,,97
758_25,4.888055371142226,-73.96587871732389,,112
769_25,4.970365123784783,-74.15689686617227,,210
772_25,5.136082312893727,-73.78266642603732,,174
777_25,5.061692702393439,-74.23138327604971,,131
779_25,5.440092358220985,-73.82392528559623,,105
781_25,5.242909346826729,-73.85540342787785,,65
785_25,4.9515200455750294,-74.08449648005875,,76
793_25,5.193996071184502,-73.95631557850587,,203
797_25,4.651598601650033,-74.39182535142032,,52
799_25,4.838552310682371,-74.14679473563159,,115
805_25,4.321357899259673,-74.48667274115682,,85
807_25,5.084102682078111,-73.51362545687806,,57
815_25,4.452072728785598,-74.64863965053468,,247
817_25,4.968852912623081,-73.92887020516763,,74
823_25,5.35568838611756,-74.28963994333606,,144
839_25,4.759022776116223,-73.40827886561522,,525
841_25,4.500754182297587,-73.97564544688684,,108
843_25,5.316080652062422,-73.82010566262124,,103
845_25,4.301733339289901,-74.06808723041708,,210
851_25,5.192795707353295,-74.4778000293264,,93
862_25,5.131267541815744,-74.30979228652778,,145
867_25,4.889163139600613,-74.55345853812936,,67
871_25,5.270694635997181,-74.19074375082775,,63
873_25,5.227298709005124,-73.57725920917122,,227
875_25,5.011670401670662,-74.48764745522293,,142
878_25,4.436058000588871,-74.48543419157355,,202
885_25,5.591910156999987,-74.36480865282125,,962
898_25,4.754321730140112,-74.38673444325194,,55
899_25,5.046192395870063,-74.02307967161957,,196
001_25,4.372744697324171,-74.67111049801018,,86
307_25,4.338154151178337,-74.8114390497245,,131
754_25,4.537599378339349,-74.22992999967641,,188
175_25,4.865621803621946,-74.03692653762835,,81
260_25,4.879714399234342,-74.23803229377376,,88
473_25,4.672714387132979,-74.23573172970235,,106
740_25,4.465970004019287,-74.26328962698791,,123
290_25,4.323534037982015,-74.3885916316964,,195
662_25,4.841098181753836,-74.6584930113138,,315
615_27,7.389887937204727,-77.24067483315679,,7654
001_27,5.938952984954471,-76.66367844589273,,3522
006_27,8.43419143567135,-77.28967772279924,,804
025_27,5.636740661968583,-77.08421539503945,,2056
050_27,5.560640178812083,-76.60611566245514,,423
073_27,5.503119772253213,-76.19796906508995,,811
075_27,6.290151046426428,-77.35382779855487,,899
077_27,5.0118409420196945,-77.21767188826743,,3485
099_27,6.47466688521007,-77.09933025036717,,3647
135_27,5.359661967130562,-76.77255624441413,,382
150_27,7.033646540636394,-76.9742301640638,,3199
160_27,5.389828228695182,-76.52264236821833,,425
205_27,5.073715987323023,-76.52750631972074,,469
245_27,5.8109383640447625,-76.19189442360167,,834
250_27,4.24716134388803,-76.96260142613635,,4139
361_27,4.7398399040926815,-76.86915794738833,,1884
372_27,7.103338867857845,-77.67973662142323,,1258
413_27,5.585101178421358,-76.38544448823126,,846
425_27,6.0338800978998055,-76.67346970253108,,1821
430_27,5.110392242752346,-76.99593075236149,,1375
450_27,4.8142294305465665,-76.80366775178027,,665
491_27,4.853175650120685,-76.61820665900693,,948
495_27,5.690067262811065,-77.29297461567053,,706
580_27,5.172672545679576,-76.48446118636944,,326
600_27,5.567533336457113,-76.81157084388224,,701
660_27,4.958741345032564,-76.28002360589193,,1587
745_27,4.594414687147658,-76.54161715733238,,1580
787_27,5.266101579589142,-76.33109547211052,,717
800_27,8.117281079114774,-77.10372722976695,,1200
810_27,5.285278117451861,-76.64539781339784,,178
001_41,2.9933608323005227,-75.272366081694,,1272
306_41,2.371779243686594,-75.51699771424042,,504
319_41,1.9843940159065478,-75.69693548852888,,250
349_41,2.541654161105759,-75.44781083078212,,194
357_41,2.6915177728149295,-75.67383140603691,,357
359_41,2.0067843405547716,-76.25636325285849,,371
378_41,2.1814525704496353,-76.1178184009877,,357
396_41,2.3280765863805533,-76.00117298752583,,815
483_41,2.576066285291301,-75.78693757429116,,132
503_41,2.0611913622727225,-76.0411028903911,,156
518_41,2.4068982801741923,-75.72803025718707,,279
524_41,2.914491966587991,-75.4406611769254,,886
530_41,1.6789225353004693,-76.1469087206725,,197
548_41,2.2596017733433764,-75.83195160441322,,194
551_41,1.8279035828432737,-76.11919581676514,,631
615_41,2.7822242342536794,-75.23554483769705,,252
660_41,2.1003828490500283,-76.22897870795452,,467
668_41,1.9241654925792544,-76.41656550347875,,1390
676_41,2.9262659364179844,-75.63359785460125,,340
770_41,1.8709920951530876,-75.80798470646539,,430
791_41,2.130280544260932,-75.87534844878556,,363
797_41,2.5268551322397292,-75.6825964201007,,367
799_41,3.030608816344817,-75.08536245324157,,531
801_41,2.824113725429285,-75.71435298104969,,472
807_41,1.9507152259232716,-75.91757648659909,,186
872_41,3.287057874655625,-75.13838292042001,,545
885_41,2.6465633388387704,-75.51592644847943,,333
298_41,2.17244020911995,-75.57131314696736,,607
244_41,2.0062481816373876,-75.95091694075414,,80
206_41,3.451987995758269,-74.67829258512265,,1589
132_41,2.6586666745814513,-75.329438025585,,464
078_41,3.1354236338098818,-74.9579779641591,,788
026_41,2.079228080259059,-75.76858287757754,,181
020_41,2.4978506797745306,-75.29134945732555,,591
016_41,3.2623751879874012,-75.35262513726825,,797
013_41,2.2697504270098445,-75.71632236942719,,274
006_41,1.7121294940421283,-75.99157561503638,,522
078_44,10.989410908351173,-72.68674560518792,,816
098_44,10.925051066284153,-72.94444027291641,,236
110_44,10.636696454289137,-72.88584309999385,,246
279_44,10.828371599397606,-72.80181779889544,,482
378_44,11.099521032014076,-72.7324860727909,,219
420_44,10.458094099199608,-73.07209192679097,,183
855_44,10.49470210082389,-72.98623990608667,,251
874_44,10.583647553940903,-72.97520286223941,,265
001_44,11.242972581030404,-72.95876312266557,,3149
035_44,11.228690484869976,-72.53209657374272,,557
090_44,11.090335220424855,-73.43568261911398,,1784
650_44,10.813179670512886,-73.08621136198279,,1335
847_44,11.999714506447301,-71.74881518155038,,8052
430_44,11.381577834937874,-72.29500873516282,,1803
560_44,11.605538717920217,-72.57158269798272,,1653
541_47,10.155970386201462,-74.8375742704658,,311
030_47,10.253564747772314,-74.1032302722813,,413
058_47,9.834264954386919,-74.0846008458138,,1149
161_47,10.29373059782925,-74.8198109133092,,180
170_47,10.09951960765321,-74.52606666600425,,545
205_47,10.232848012445485,-74.77810175280973,,111
258_47,10.34310988165866,-74.67817755498821,,567
268_47,10.659616963211844,-74.3251597016394,,267
318_47,9.248004672720068,-74.13968084679918,,572
460_47,9.735998134117859,-74.32840222002844,,855
545_47,9.530748653358932,-74.14476570180345,,671
551_47,10.433033992424521,-74.41251196584855,,1669
555_47,9.769456109695065,-74.60181575846116,,1480
570_47,10.84758879653287,-74.36057947146644,,688
605_47,10.648603505913911,-74.58106822561058,,606
660_47,10.105330274761936,-74.2644392018606,,1259
675_47,10.515381779276533,-74.72296971627097,,173
692_47,9.35255962128667,-74.201216934478,,444
703_47,9.327652269858131,-74.35672251202064,,273
707_47,9.51946640496453,-74.3393528002523,,1137
720_47,9.522114634015107,-74.64789999034959,,502
745_47,10.890276159804532,-74.62966037776825,,989
798_47,9.924701266535507,-74.73263001116007,,500
960_47,10.118348407894207,-74.69381337200679,,379
980_47,10.796346582149686,-74.1779831677425,,455
053_47,10.644908764929166,-73.87972256820143,,1772
189_47,10.889232970633461,-74.0427765482713,,1350
288_47,10.459378177673589,-73.88406517940494,,989
001_47,11.121894320095963,-73.88527846872051,,2393
245_47,9.114930634430369,-73.98105490547796,,826
001_50,4.091668769917669,-73.49291594489502,,1290
006_50,4.009644459183358,-73.72391347970401,,1127
110_50,4.519076461274561,-72.99548932981388,,405
124_50,4.315244758743758,-72.95268895638803,,917
150_50,3.805154089091723,-73.53886667654452,,516
223_50,3.8282418972777155,-74.07529743710474,,1162
226_50,4.232524998951976,-73.3147684498768,,627
245_50,4.352390346881214,-73.71438482878798,,271
251_50,3.6156245417594017,-73.88800706952006,,570
270_50,3.7069697850618644,-73.83161892252095,,118
287_50,3.3823701240408437,-73.59625429261271,,572
313_50,3.496562547681967,-73.7469590952668,,349
318_50,3.9477755848236127,-73.95983863761005,,598
330_50,3.154771200702774,-74.12454824207639,,2286
370_50,3.0472906922208947,-74.43245667920549,,6476
400_50,3.614714872662381,-74.09628466654753,,818
450_50,2.7522601123133312,-72.72109410193443,,1245
573_50,4.014298920924613,-72.6457049918142,,6932
577_50,3.193092924610677,-73.23671436407295,,2542
590_50,2.75808365670735,-73.13780170936845,,3434
606_50,4.237469092107758,-73.473668829804,,366
680_50,3.847616779566321,-73.27583401358213,,810
683_50,3.289851171308919,-73.8163524339785,,1172
686_50,4.469246852388888,-73.66211245919764,,246
689_50,3.535909072973533,-72.98536927616925,,5948
711_50,2.8116164158752817,-73.66652201523655,,4829
350_50,2.2623305987062197,-74.05805012391964,,8133
325_50,3.117525515132494,-71.9380481294968,,11960
568_50,4.005038621208462,-71.63157781021849,,17276
683_52,1.2881054088048767,-77.45670068341744,,101
685_52,1.5297824849878126,-77.0207066245391,,65
687_52,1.5421410173132912,-77.21872755913648,,249
560_52,0.7226783100725266,-77.42480760992483,,387
693_52,1.681576626642294,-76.97527979320004,,112
565_52,1.2329189960641302,-77.59845688119862,,40
694_52,1.5368234939440695,-77.10140324915189,,56
573_52,0.8265193622513781,-77.32224874709408,,349
699_52,1.2851786302090302,-77.7445962903787,,539
585_52,0.9167698312187919,-77.63336953672037,,129
678_52,1.4305552617507167,-77.69179559147116,,603
207_52,1.2090667322238502,-77.44063920745288,,119
210_52,0.9326674581447025,-77.52808731441105,,43
215_52,0.770801800134418,-77.360329771274,,304
001_52,1.083603727336893,-77.20609720827728,,1097
019_52,1.4698540844188301,-77.06880947181051,,39
022_52,0.9134319162165091,-77.69538730697282,,48
224_52,0.8754269990649272,-77.7359160047258,,57
036_52,1.2452540764451228,-77.53115777044593,,69
051_52,1.4800511721764327,-77.12985000612582,,60
083_52,1.5907642818187895,-77.04289525526188,,42
110_52,1.3152156357217049,-77.11636639538003,,635
203_52,1.636334379095703,-77.04731560037541,,62
480_52,1.2808596076224,-77.35388834747968,,25
506_52,1.0298158535005306,-77.5523494353328,,65
720_52,1.0361890400641123,-77.68044989523904,,115
786_52,1.591661793633949,-77.32523414705992,,234
788_52,1.0640900686352415,-77.35063085222433,,218
240_52,1.386497844376466,-77.26969022014637,,146
254_52,1.5119048452139887,-77.43045395720424,,121
258_52,1.4094302073875509,-76.98526958789003,,306
838_52,1.134480573885629,-77.63072900264469,,216
411_52,1.3951575526946192,-77.52094618438576,,135
885_52,1.1255479912680246,-77.42467569171963,,103
435_52,1.1559470159016896,-77.84664646352392,,567
378_52,1.5841759980523182,-76.92335262141349,,239
381_52,1.3339258890953305,-77.3882284364249,,136
260_52,1.4301570691017063,-77.38294333861931,,246
287_52,0.9142169827718596,-77.32843044066166,,394
317_52,0.9750379042652783,-77.73758941428348,,155
399_52,1.6196973758920021,-77.14284621778256,,142
320_52,1.1513666577169168,-77.53011336237708,,116
405_52,1.938976991400657,-77.31194432260506,,310
323_52,0.9286426229982374,-77.58261882695903,,30
352_52,0.9805340368757418,-77.51865729465453,,80
354_52,1.0728769697396223,-77.50150864359256,,82
356_52,0.5586142198951529,-77.37035692346387,,1568
227_52,0.9442232744087977,-77.9595844554656,,912
233_52,1.7255901100947806,-77.59281637244815,,354
256_52,1.8450944519017225,-77.43825767516218,,519
385_52,1.5540112693298054,-77.70317656761506,,244
418_52,1.6725997745699384,-77.71054548299367,,954
540_52,1.7353916019154179,-77.4813561485751,,433
612_52,1.2027550842464594,-78.04765035903087,,1052
079_52,1.4456377394686442,-78.15621072377733,,2722
250_52,2.1831547759582173,-77.79573646230271,,2484
390_52,2.4193064297114315,-78.20991034984752,,415
427_52,1.9068584294162554,-78.04473643809541,,1802
473_52,2.4424936975905216,-78.43882700410619,,765
490_52,2.289892933882847,-78.29471622759804,,999
520_52,2.088531925355841,-78.59193098698168,,523
621_52,1.8975811560311122,-78.38111630038898,,1452
696_52,2.3021551800919364,-77.8743722922178,,1221
835_52,1.6361016408502622,-78.61390440818671,,3594
001_54,8.111966991322596,-72.48863993318982,,1145
003_54,8.01983448041459,-73.15850484567842,,1397
051_54,7.613231282535114,-72.86136419752076,,460
099_54,7.6334665125459535,-72.65781241009032,,172
109_54,8.079802239059541,-72.92919925477172,,274
125_54,7.270560087586425,-72.65212152553862,,140
128_54,7.684188896164785,-73.1293948117569,,622
172_54,7.583353098466253,-72.58390977527067,,168
223_54,7.502182365926976,-72.79703447143059,,378
239_54,7.7469976647633425,-72.67208314200055,,177
261_54,8.08120009153201,-72.63152117567883,,510
313_54,7.906522990261747,-72.80705581531225,,150
344_54,8.361831986836256,-73.07826329843486,,424
347_54,7.49395578121645,-72.49269998078219,,108
377_54,7.265515345845997,-72.52266311104022,,258
385_54,7.695233592361678,-73.36139672267231,,676
398_54,8.256757874371228,-73.1878932662135,,245
405_54,7.741433318001053,-72.52724627592545,,128
418_54,7.963712758315296,-72.84670290326632,,87
480_54,7.316949969580217,-72.768345834902,,160
498_54,8.23114877314121,-73.35246170970635,,528
518_54,7.379057623134494,-72.67590347528083,,301
520_54,7.482878860112682,-72.63515400943237,,172
553_54,8.329138641988887,-72.41119065525967,,45
599_54,7.595355973743182,-72.50756622114586,,99
660_54,7.772747823305383,-72.8676995869288,,499
670_54,8.453837548182104,-73.1579809414736,,403
673_54,7.847803037091276,-72.60985606203042,,140
680_54,7.889234453764508,-72.71825410365568,,174
720_54,8.264128483858967,-72.8063153747106,,1483
743_54,7.180991878929057,-72.78617884144799,,319
871_54,7.936293172610398,-72.98759418241781,,405
874_54,7.757184768010943,-72.48202793545956,,93
174_54,7.051616769796909,-72.5254474576508,,1194
206_54,8.873159894539102,-73.20007768581003,,944
245_54,8.867990034782402,-73.34585921605256,,1750
800_54,8.76001379393843,-73.15714096570304,,938
810_54,8.713507236342501,-72.79925855010097,,2712
820_54,7.225864960919465,-72.30593417715214,,1492
250_54,8.678263670797994,-73.03175969838665,,712
001_63,4.499498217804071,-75.72490631211758,,122
111_63,4.3666323817379125,-75.74403734016336,,39
130_63,4.4678815670127,-75.65674491068462,,222
190_63,4.604831628106497,-75.66689787495278,,91
212_63,4.3959769644174145,-75.65132911981432,,93
272_63,4.669329039047107,-75.67143023307189,,107
302_63,4.1801077724323825,-75.76056694744616,,296
401_63,4.4356729874876875,-75.81732607392841,,90
470_63,4.521887774139558,-75.81807742431155,,149
548_63,4.303979339604425,-75.68330417102135,,249
594_63,4.610273496509852,-75.79205086945899,,134
690_63,4.611304696534991,-75.53091657591744,,348
001_66,4.781267108254304,-75.7123271998186,,610
045_66,5.139635355916917,-75.95353870464244,,151
075_66,4.918349675493398,-75.9427538581468,,120
088_66,5.200398695407306,-75.86793893348884,,181
170_66,4.842021144113601,-75.66993654929213,,70
318_66,5.320295966164076,-75.8043665892684,,101
383_66,4.988127678406723,-76.0082267820674,,93
400_66,4.904543667766513,-75.85205516281619,,33
440_66,4.942936184795631,-75.75321389594123,,150
456_66,5.414078140451681,-75.96135386608321,,567
572_66,5.28629540765178,-76.07359421213823,,616
594_66,5.323901770662799,-75.71339250818029,,141
682_66,4.833789302743611,-75.54950110367362,,546
687_66,5.045989670616982,-75.98199538562241,,192
013_68,6.182208476295443,-73.53038540905816,,76
020_68,5.778073390497593,-73.82845973547498,,167
051_68,6.716766585021069,-73.01162696965,,171
077_68,5.955617327029715,-73.6234522923375,,47
079_68,6.647062543227579,-73.21518466310529,,138
081_68,7.054074557658762,-73.78211646064325,,1338
092_68,7.013204057982705,-73.38743520847785,,435
121_68,6.562543673249778,-73.25034892252769,,66
132_68,7.353288083934507,-72.92634432628736,,45
147_68,6.520200094699923,-72.67435202590967,,86
152_68,6.659675273605989,-72.56968433894333,,261
160_68,6.752465532871154,-72.92924629031646,,109
162_68,6.903923172352312,-72.64536324450032,,424
167_68,6.19554989865832,-73.15401208214948,,422
169_68,7.2589644008430625,-72.98787879963366,,128
176_68,6.3726771810712215,-73.41476120769596,,174
179_68,6.067944657703861,-73.63239131674248,,96
190_68,6.409729609832335,-74.17030426876393,,3197
207_68,6.784531168748237,-72.60571610908038,,340
209_68,6.355620693273193,-73.23985271832413,,72
615_68,7.474226084450162,-73.37246417190228,,1179
655_68,7.406542199585238,-73.5713180737177,,1416
669_68,6.796483062737721,-72.81613202339418,,284
673_68,6.101681203996226,-73.52749050329973,,59
679_68,6.550777508011803,-73.11888030286838,,148
682_68,6.459879822424114,-72.85471883044008,,144
684_68,6.62941125795719,-72.73976259404503,,76
686_68,6.568121541154394,-72.64322496802748,,72
689_68,6.894292346201749,-73.53900333626672,,1125
705_68,6.988084710721943,-72.89608933421088,,223
720_68,6.408907340040399,-73.58206608876512,,376
745_68,6.648100439907361,-73.69011693452096,,912
755_68,6.462088240605329,-73.24436000891018,,129
770_68,6.114562449266055,-73.36629686890802,,285
773_68,5.983203733977114,-73.9593623539234,,526
780_68,7.475402063152249,-72.98779965891923,,366
820_68,7.170891098610805,-72.93970443294766,,333
855_68,6.434578918741812,-73.10997170964026,,82
861_68,6.220582253058978,-73.70244805155806,,451
867_68,7.322219562840108,-72.88156900496939,,93
872_68,6.685867326037823,-73.16396916023734,,98
895_68,6.8346267051524805,-73.2797597862139,,367
370_68,6.713779717076738,-73.0996131811846,,40
377_68,5.910232645532911,-74.05072489330193,,337
385_68,6.33149626049941,-73.8186898222464,,594
397_68,6.217374369437315,-73.62977195139918,,286
406_68,7.204056924876368,-73.29137604934786,,555
418_68,6.812162189487425,-73.10785148036678,,292
425_68,6.513745302694989,-72.58536491923161,,104
432_68,6.720230068194186,-72.73841273347315,,58
444_68,7.348778318492368,-73.05438997330992,,238
464_68,6.492532315263086,-72.9583477242462,,487
468_68,6.643290559306764,-72.81916273931049,,182
498_68,6.355368857296536,-73.12211833099556,,76
500_68,6.225108206273476,-73.28006702184018,,290
502_68,6.33519454736743,-72.81205837621363,,492
522_68,6.524753993506318,-73.28900670950468,,20
524_68,6.3917501069120775,-73.28273174334748,,59
533_68,6.416631130524405,-73.17148231945694,,73
549_68,6.5138926255053695,-73.17570986332534,,56
572_68,5.831129905406377,-73.67841815285504,,253
573_68,6.685278856237262,-73.9576125578207,,768
575_68,7.577165955590809,-73.78383532534846,,1522
211_68,6.303116610827672,-73.50211527268803,,138
217_68,6.234736372583168,-72.98177091380438,,581
229_68,6.618341160633902,-73.01873000791447,,246
235_68,6.664260001483738,-73.56475287601593,,931
245_68,6.25354797639609,-73.53591150601474,,94
255_68,7.5242847210812895,-73.18158191584719,,459
264_68,6.0790612235185995,-73.0620666488671,,403
266_68,6.658241150282931,-72.68027938941232,,75
271_68,5.801106290428506,-73.95524930750716,,178
296_68,6.671810993423795,-73.32467124300953,,203
298_68,5.9243835575879915,-73.31939933578438,,612
318_68,6.943434099685331,-72.82369873316915,,305
320_68,6.233278247484305,-73.40977445258213,,147
322_68,6.319299864928752,-73.33115275166074,,68
324_68,5.944894844189724,-73.72173670731942,,84
327_68,6.033373873390507,-73.57899508755234,,30
344_68,6.55987829861349,-73.36178840529244,,170
368_68,5.854288233789257,-73.82342217458066,,90
307_68,7.036603093931112,-73.24890353782631,,496
276_68,7.079769292817468,-73.06796540403388,,101
101_68,6.093691295494612,-74.11340192181667,,1017
250_68,6.096726217308748,-73.92718228830017,,401
547_68,6.962475477796641,-73.00519558423997,,489
001_68,7.155390207753957,-73.11178573296961,,155
001_70,9.316674289030907,-75.43174967084279,,284
110_70,9.320045292841236,-74.95204438841618,,149
124_70,8.792311598480904,-75.13191062903726,,418
204_70,9.527949746009268,-75.36447140412962,,133
215_70,9.204027165535535,-75.2505414197538,,290
221_70,9.394449801195881,-75.65749150050401,,57
230_70,9.569584597722857,-75.32420907534716,,85
233_70,9.071009384701023,-75.13818660417265,,201
235_70,9.135169095444878,-74.98134705668029,,326
265_70,8.383920698528735,-74.67618481704602,,366
400_70,8.811997798575355,-75.28322211600556,,235
418_70,9.422380297460792,-75.21302192803569,,202
429_70,8.546148133792833,-74.71037883352481,,855
508_70,9.54965527045186,-75.18855916057997,,467
523_70,9.334940292811334,-75.56199027268464,,177
670_70,9.165178306943043,-75.36027529201579,,217
678_70,8.835634919180356,-74.96469398322127,,1513
702_70,9.292019288914355,-75.21363576172817,,170
708_70,8.58922010186736,-75.17249954907568,,982
713_70,9.814599535816972,-75.50522919151695,,1050
717_70,9.396835638070366,-75.03741814765672,,216
742_70,9.256299046919885,-75.0939708886625,,425
771_70,8.814333476727457,-74.74753131221858,,1145
820_70,9.533809761593554,-75.53543705259722,,307
823_70,9.490298334619753,-75.44451121957658,,289
473_70,9.392496684436779,-75.32718744239199,,172
001_73,4.451921427019882,-75.25259099546741,,1382
024_73,3.390015063433906,-74.94078232476714,,503
026_73,4.582625783855344,-74.98630685604056,,346
030_73,4.824911856580809,-74.80441812385081,,239
043_73,4.631784036609817,-75.19117748705843,,471
055_73,5.006758956102111,-74.84750094856832,,443
067_73,3.428434328129537,-75.4822736962882,,1020
124_73,4.406971282903917,-75.49745918277479,,510
148_73,4.12341679509495,-74.74700245735406,,191
152_73,5.016690059557943,-75.18903977179441,,176
168_73,3.7436930842975875,-75.5898663417227,,2107
200_73,4.354162315465081,-74.9114745343977,,345
217_73,3.738625553792444,-75.14853736213077,,671
226_73,3.9825237464653473,-74.68936927139268,,509
236_73,3.5978632735418983,-74.80256673502673,,654
268_73,4.1664769690595715,-74.89352940808693,,217
270_73,5.079256598118743,-74.957033716969,,182
275_73,4.242813256650994,-74.83708637874244,,97
283_73,5.186694812105447,-75.05228994679099,,221
319_73,4.076501340940384,-74.97657286987045,,507
347_73,5.068553782684775,-75.2432295871959,,324
352_73,4.133276368969858,-74.53964256890103,,216
408_73,4.8660345913502745,-74.92337178388068,,273
411_73,4.877936755276224,-75.0476307570735,,284
443_73,5.235322592546268,-74.90668089061289,,295
449_73,4.186067651244291,-74.63783367031796,,203
461_73,4.826734468107609,-75.21993986510547,,426
483_73,3.540518202656748,-75.12200999344418,,862
504_73,3.937793961855423,-75.2782431444101,,957
520_73,5.094035736755375,-75.01845049487868,,65
547_73,4.485004143368653,-74.92089602324815,,356
555_73,3.098976348147938,-75.81684167321683,,1757
563_73,3.729166648945201,-74.87247705594001,,424
585_73,3.854281487268383,-74.87451185579748,,403
616_73,3.4680781554604136,-75.85481207683476,,2050
622_73,4.097861181076394,-75.59428026805334,,778
624_73,4.2167309536718145,-75.34758363522224,,742
671_73,3.91254278645056,-75.01859761487425,,194
675_73,3.9551434583791143,-75.49908282147032,,384
678_73,4.1286184901323075,-75.1124479220795,,414
686_73,4.7291076155749945,-75.20712863045227,,271
770_73,4.048939947044767,-74.81857933268739,,191
854_73,4.182125646348222,-75.17148236793142,,198
861_73,4.709881722558211,-74.92089886328267,,336
870_73,4.965858555585934,-75.15582268584141,,280
873_73,3.854384096493343,-74.61896623060866,,432
349_73,5.1794165611021965,-74.78303093769848,,306
001_76,3.399043722796374,-76.5764925890906,,563
036_76,4.14485360036228,-76.16470460607431,,111
041_76,4.795927291842291,-76.02963048809032,,306
054_76,4.704287864120307,-76.1416499853946,,91
111_76,3.855247046367064,-76.10514696875126,,827
113_76,4.1968529909291465,-76.08961030310617,,398
122_76,4.308997972453589,-75.83672566799531,,167
126_76,3.944386619669488,-76.62778294646809,,795
130_76,3.382091701221292,-76.38317789686069,,297
147_76,4.706847160242049,-75.91790845916199,,249
243_76,4.9175628727326846,-76.06601000747406,,188
246_76,4.756063700638427,-76.21502825754548,,215
248_76,3.6759888303658608,-76.20915809127133,,443
250_76,4.539979728475541,-76.28762701314358,,236
275_76,3.3041049546128525,-76.16477355458828,,402
306_76,3.744104410251017,-76.19082004000032,,269
318_76,3.7837798885732448,-76.29448828508474,,163
020_76,4.678897099414037,-75.78297931746027,,63
497_76,4.597588665465785,-75.9491996978468,,215
520_76,3.558392875574505,-76.22779972087042,,1007
563_76,3.4206366087534996,-76.17841878049302,,357
606_76,3.806272662324965,-76.53463747120709,,137
616_76,4.1094996253029095,-76.37105544857464,,309
622_76,4.443571848285732,-76.16824249270543,,236
670_76,3.981432439570122,-76.20836167778056,,203
736_76,4.1934119192828,-75.88818163326145,,539
823_76,4.638421278298596,-76.08106176133441,,176
828_76,4.233267663885608,-76.34292622749804,,308
834_76,4.028407970355527,-76.03250379247253,,911
845_76,4.70771894658131,-75.77835902579167,,42
863_76,4.622590219884588,-76.21789610233306,,201
869_76,3.7433770097974453,-76.47041938571745,,113
890_76,3.9041303534288048,-76.39080434866477,,328
892_76,3.5959136693630587,-76.51098790042202,,231
895_76,4.353598749563314,-76.05065336302845,,369
403_76,4.483511141836004,-75.96677302713887,,265
400_76,4.537937390684078,-76.10328982730572,,121
377_76,3.694298109689064,-76.58990680840783,,256
364_76,3.2138722292495667,-76.62761255221525,,629
100_76,4.363681697080152,-76.3648595472285,,745
233_76,3.6498222182367006,-76.72039346533137,,917
109_76,3.611491958164056,-77.08588241129993,,6293
001_81,6.796280905433429,-70.5092019909906,,5811
591_81,6.41176182913569,-70.96678964243307,,2291
220_81,6.346718778289872,-70.06982925161189,,5223
065_81,6.799338131859972,-71.29826437619961,,3064
300_81,6.705315952547645,-71.82945200126832,,1166
736_81,6.906941714175001,-71.85070756699193,,951
794_81,6.390650478598304,-71.79178646827428,,5448
001_85,5.242744761589112,-72.25802860918074,,2493
010_85,5.126121844661951,-72.54821019880909,,1449
015_85,5.229238951010636,-72.86608804416376,,311
136_85,6.178282372249668,-72.34693377242316,,201
139_85,4.6757694877593305,-72.21280272709252,,3766
162_85,4.841308641367242,-72.8473433982555,,782
225_85,5.52915335352886,-72.0924669031755,,1107
230_85,4.915139133311435,-71.59873965746715,,4766
263_85,5.6630463752152975,-71.92573399252782,,785
279_85,5.263068507344931,-72.77081830719946,,182
300_85,4.8111901094493845,-72.99580655024342,,403
315_85,6.049906434322465,-72.21076163164408,,314
325_85,5.231821928016094,-71.59352449688309,,2999
400_85,5.878927741072456,-72.20067846896238,,1097
410_85,4.6981941669990634,-72.62944840677807,,2394
430_85,5.367360841391756,-71.19393906636165,,2977
440_85,4.5283076003190095,-72.82314223295417,,837
125_85,6.109021422054958,-71.13645500219457,,5531
250_85,5.779915281231417,-70.86947037006206,,12148
001_86,1.2285749946611155,-76.68436218333241,,1303
219_86,1.2232178182834952,-76.9667296216155,,64
320_86,0.6737563225293834,-76.94313922874362,,1937
749_86,1.2287469223312322,-76.91307585357174,,98
755_86,1.1360710960010778,-76.84726660581241,,407
757_86,0.3058738277220699,-76.85775787794242,,379
760_86,1.085812856574575,-77.0056290076185,,341
865_86,0.4129636876469241,-76.88409289541302,,814
885_86,0.9111495146140636,-76.74495447296727,,1395
569_86,0.725071229821497,-76.48099405113452,,926
568_86,0.4786114635868292,-76.32820014957342,,2818
571_86,0.7464322151314563,-75.88022978511506,,4577
573_86,0.05947196957975745,-75.06479327112304,,10913
564_88,13.3532723555994,-81.37390661251672,,23
001_88,12.543186212754819,-81.71759226515557,,27
001_91,-3.5300587833281543,-70.04513690973991,,6169
263_91,-1.9972347945221909,-72.72361565531625,,10908
405_91,-1.2404947981757453,-72.76048340775765,,12735
407_91,-1.4271430005937344,-70.0383044467485,,13617
430_91,-0.12501638059512069,-71.10487804735263,,1430
460_91,-0.687037553137773,-71.18550459794778,,16841
530_91,-0.9521450730596708,-73.75722747805176,,8503
536_91,-1.9108540597567634,-71.14840489501367,,13775
540_91,-3.6313232218549607,-70.47199039261199,,1508
669_91,-1.1010326239530206,-71.93893358221415,,14726
798_91,-2.4517942638245196,-70.00651535297177,,9166
001_94,3.3194049847743594,-68.45723659172317,,15857
343_94,3.140259266060117,-69.69755835169461,,14352
883_94,2.1559086406582324,-67.33988543119396,,2891
884_94,2.5075798361991066,-68.20898715181848,,15565
885_94,1.4045402735569197,-67.0015180004477,,1162
886_94,3.3861624497829816,-67.58507998348256,,2312
887_94,1.9810552939718233,-69.11440035586168,,10165
888_94,2.4213792829567686,-69.83941433885599,,8517
001_95,2.4844935744423204,-71.91798245310996,,16761
015_95,1.59619095259558,-73.03836578437598,,13083
025_95,2.0863273846346977,-71.5857002615601,,12903
200_95,1.363974932153472,-72.01810950494728,,12807
001_97,1.0155718504604656,-70.41755287576875,,16167
161_97,1.0527623144438683,-71.33093034989919,,6361
511_97,0.19477000521240018,-70.93647229057412,,13964
666_97,-0.7198222089404503,-69.90776201461651,,6482
777_97,1.681611381366792,-70.70618761078062,,5539
889_97,0.8333122412446593,-69.61867754392323,,4637
624_99,4.968581011651355,-70.65997096778828,,3696
001_99,5.83653119424522,-68.1412233283344,,12147
524_99,5.517593606881966,-69.62044053512011,,18558
773_99,4.2624553759601795,-69.52140384985854,,65407
